SA2 name,Population density 2020
,
Braidwood,1.3
Karabar,1198.9
Queanbeyan,2403.7
Queanbeyan - East,390.9
Queanbeyan Region,7
Queanbeyan West - Jerrabomberra,956.2
Bombala,0.6
Cooma,65.7
Cooma Region,0.6
Jindabyne - Berridale,1.9
Batemans Bay,128.3
Batemans Bay - South,280.5
Bega - Tathra,47.8
Bega-Eden Hinterland,1.9
Broulee - Tomakin,151.1
Deua - Wadbilliga,0
Eden,34.4
Eurobodalla Hinterland,2.4
Merimbula - Tura Beach,117.5
Moruya - Tuross Head,50.3
Narooma - Bermagui,36.6
Goulburn,376.3
Goulburn Region,1.5
Yass,67.3
Yass Region,2.2
Young,21.2
Young Region,1.2
Avoca Beach - Copacabana,1208.2
Box Head - MacMasters Beach,347.2
Calga - Kulnura,6.5
Erina - Green Point,424.3
Gosford - Springfield,1199.1
Kariong,793.1
Kincumber - Picketts Valley,623.1
Narara,903.8
Niagara Park - Lisarow,483.2
Point Clare - Koolewong,931
Saratoga - Davistown,1543.5
Terrigal - North Avoca,1462.7
Umina - Booker Bay - Patonga,995.9
Wamberal - Forresters Beach,766.1
Woy Woy - Blackwall,835.4
Wyoming,1411.4
Bateau Bay - Killarney Vale,2086.3
Blue Haven - San Remo,539.5
Budgewoi - Buff Point - Halekulani,1052.4
Chittaway Bay - Tumbi Umbi,642.4
Gorokan - Kanwal - Charmhaven,2026.5
Jilliby - Yarramalong,10.3
Lake Munmorah - Mannering Park,318.1
Ourimbah - Fountaindale,43.6
Summerland Point - Gwandalan,674.5
The Entrance,1149.2
Toukley - Norah Head,982.8
Tuggerah - Kangy Angy,196.7
Warnervale - Wadalba,425.7
Wyong,617.7
Bathurst,208.8
Bathurst - East,133.9
Bathurst Region,1.9
Oberon,1.6
Condobolin,0.4
Cowra,38.3
Cowra Region,1.8
Forbes,2.3
Grenfell,1.1
Parkes (NSW),47.6
Parkes Region,0.6
West Wyalong,0.7
Lithgow,107
Lithgow Region,3.4
Mudgee,192
Mudgee Region - East,1.2
Mudgee Region - West,1.3
Wollangambe - Wollemi,0
Blayney,4.5
Orange,413.1
Orange - North,223
Orange Region,2.7
Grafton,179
Grafton Region,1.9
Maclean - Yamba - Iluka,23.6
Bellingen,6.2
Coffs Harbour - North,726.8
Coffs Harbour - South,313.4
Coramba - Nana Glen - Bucca,11
Dorrigo,1.6
Korora - Emerald Beach,176
Sawtell - Boambee,169.5
Urunga,44.5
Woolgoolga - Arrawarra,50.4
Bourke - Brewarrina,0.1
Cobar,0.1
Coonamble,0.3
Nyngan - Warren,0.2
Walgett - Lightning Ridge,0.2
Broken Hill,101.5
Far West,0
Coonabarabran,0.7
Dubbo - East,118.6
Dubbo - South,733
Dubbo - West,144.2
Dubbo Region,1.5
Gilgandra,0.8
Narromine,1.1
Wellington,2.6
Branxton - Greta - Pokolbin,29.3
Cessnock,346.1
Cessnock Region,5.6
Dungog,4.3
Kurri Kurri - Abermain,215.7
Singleton,126.5
Singleton Region,1.3
Maitland,252.5
Maitland - East,717.6
Maitland - North,120.5
Maitland - West,143.9
Thornton - Millers Forest,215.7
Anna Bay,87.8
Lemon Tree Passage - Tanilba Bay,231.3
Nelson Bay Peninsula,474.3
Raymond Terrace,127.8
Seaham - Woodville,22.6
Tea Gardens - Hawks Nest,26.7
Williamtown - Medowie - Karuah,41.5
Muswellbrook,47.1
Muswellbrook Region,1.3
Scone,48.5
Scone Region,1.1
Dapto - Avondale,435.7
Horsley - Kembla Grange,241.9
Port Kembla Industrial,0.9
Unanderra - Mount Kembla,622
Berkeley - Lake Heights - Cringila,1181.3
Port Kembla - Warrawong,1444.3
Windang - Primbee,794.4
Illawarra Catchment Reserve,0
Albion Park - Macquarie Pass,224.3
Albion Park Rail,959.4
Kiama,625.3
Kiama Downs - Minnamurra,860.1
Kiama Hinterland - Gerringong,38.9
Shellharbour - Flinders,394
Shellharbour - Oak Flats,1740.2
Warilla,2194
Balgownie - Fairy Meadow,1853.7
Corrimal - Tarrawanna - Bellambi,1446
Figtree - Keiraville,1210
Helensburgh,60.4
Thirroul - Austinmer - Coalcliff,757
Woonona - Bulli - Russell Vale,1348.7
Wollongong - East,3064.7
Wollongong - West,3241.1
Bulahdelah - Stroud,2
Forster,434.9
Forster-Tuncurry Region,8.8
Tuncurry,405.4
Kempsey,78.8
Kempsey Region,2.5
Macksville - Scotts Head,60.2
Nambucca Heads,220.3
Nambucca Heads Region,5.9
South West Rocks,117.8
Lord Howe Island,24.7
Laurieton - Bonny Hills,35.5
Port Macquarie - East,696.2
Port Macquarie - West,372.5
Port Macquarie Region,1.9
Wauchope,63
Gloucester,1.8
Old Bar - Manning Point - Red Head,55.6
Taree,167.1
Taree Region,3.9
Wingham,88.9
Albury - East,170.5
Albury - North,429.7
Albury - South,217.2
Albury Region,2.3
Lavington,708.4
Hay,0.2
Wentworth - Buronga,19.2
Wentworth-Balranald Region,0.1
Corowa,70.4
Corowa Region,1.6
Deniliquin,53.1
Deniliquin Region,0.4
Moama,39.8
Tocumwal - Finley - Jerilderie,2
Armidale,89.1
Armidale Region - North,0.7
Armidale Region - South,1.8
Walcha,0.5
Glen Innes,1.6
Inverell,57.1
Inverell Region - East,0.6
Inverell Region - West,0.7
Tenterfield,0.9
Moree,117.8
Moree Region,0.3
Narrabri,40.7
Narrabri Region,0.4
Gunnedah,107
Gunnedah Region,0.7
Quirindi,1.5
Tamworth - East,205.7
Tamworth - North,215.2
Tamworth - West,93.8
Tamworth Region,2.1
Belmont - Bennetts Green,821
Belmont South - Blacksmiths,830.3
Charlestown - Dudley,1128.4
Glendale - Cardiff - Hillsborough,1100.1
Mount Hutton - Windale,1467.1
Redhead,982.2
Swansea - Caves Beach,381.4
Valentine - Eleebana,1229.9
Warners Bay - Boolaroo,1120.1
Bolton Point - Teralba,402.9
Bonnells Bay - Silverwater,944
Edgeworth - Cameron Park,1020.5
Morisset - Cooranbong,50.2
Toronto - Awaba,317.2
Wangi Wangi - Rathmines,697
West Wallsend - Barnsley - Killingworth,95
Adamstown - Kotara,2010.8
Beresfield - Hexham,142
Hamilton - Broadmeadow,1852.7
Lambton - New Lambton,1627.4
Maryland - Fletcher - Minmi,928
Mayfield - Warabrook,2057.1
Merewether - The Junction,1986.5
Newcastle - Cooks Hill,3213.2
Newcastle Port - Kooragang,0.6
Shortland - Jesmond,1073.4
Stockton - Fullerton Cove,289.7
Wallsend - Elermore Vale,944.3
Waratah - North Lambton,2454.4
Wickham - Carrington - Tighes Hill,2467.3
Ballina,510.3
Ballina Region,44.3
Bangalow,34.6
Brunswick Heads - Ocean Shores,165.4
Byron Bay,273.8
Evans Head,10.2
Lennox Head - Skennars Head,228.5
Mullumbimby,34
Casino,90.2
Casino Region,1.8
Goonellabah,533
Kyogle,3.7
Lismore,237.7
Lismore Region,12.6
Kingscliff - Fingal Head,407.7
Murwillumbah,390.3
Murwillumbah Region,11.1
Pottsville,76.3
Tweed Heads,206
Banora Point,1716.6
Terranora - North Tumblegum,117.4
Tweed Heads South,998.6
Griffith (NSW),365.2
Griffith Region,0.6
Leeton,27.4
Narrandera,1.1
Tumbarumba,0.8
Tumut,155.5
Tumut Region,1
Cootamundra,4.6
Gundagai,1.6
Junee,3.3
Temora,2
Wagga Wagga - East,316.6
Wagga Wagga - North,99.4
Wagga Wagga - South,742.1
Wagga Wagga - West,229.3
Wagga Wagga Region,1.7
Berry - Kangaroo Valley,17.4
Callala Bay - Currarong,22.4
Culburra Beach,67.7
Ettrema - Sassafras - Budawang,0
Huskisson - Vincentia,154.1
North Nowra - Bomaderry,162.3
Nowra,217.6
St Georges Basin - Erowal Bay,196.1
Sussex Inlet - Berrara,113.8
Tomerong - Wandandian - Woollamia,9.4
Ulladulla,360.5
Ulladulla Region,8.2
Bowral,245
Hill Top - Colo Vale,37.4
Mittagong,136
Moss Vale - Berrima,91.4
Robertson - Fitzroy Falls,7.5
Southern Highlands,5
Baulkham Hills (East),3018.4
Baulkham Hills (West) - Bella Vista,2012.8
Glenhaven,898
West Pennant Hills,1683.5
Castle Hill - Central,1914.6
Castle Hill - East,2721.5
Castle Hill - North,1839.5
Castle Hill - South,2558.3
Castle Hill - West,3389.4
Cherrybrook,2339.7
Kellyville,2611.5
Dural - Kenthurst - Wisemans Ferry,59.6
Galston - Laughtondale,27.7
Bilpin - Colo - St Albans,1.3
Kurrajong Heights - Ebenezer,68.6
Pitt Town - McGraths Hill,144.1
Rouse Hill - Beaumont Hills,983.8
Blacktown (East) - Kings Park,2267.6
Blacktown (North) - Marayong,2680.4
Doonside - Woodcroft,2511.5
Lalor Park - Kings Langley,2199.7
Seven Hills - Toongabbie,2323.5
Blacktown (South),3861.4
Blacktown (West),3615.4
Glenwood,3299.5
Parklea - Kellyville Ridge,3674.7
Riverstone - Marsden Park,512.6
Acacia Gardens,4159.1
Quakers Hill,3161.6
Bidwill - Hebersham - Emerton,3081.4
Glendenning - Dean Park,1694.3
Hassall Grove - Plumpton,3575
Lethbridge Park - Tregear,2011.6
Mount Druitt - Whalan,2734.2
Prospect Reservoir,1.4
Rooty Hill - Minchinbury,1554.3
Banksmeadow,67.1
Botany,3895.3
Mascot - Eastlakes,4814.4
Pagewood - Hillsdale - Daceyville,4234.1
Port Botany Industrial,2.5
Sydney Airport,7.5
Marrickville,5006.5
Petersham - Stanmore,7441.5
Sydenham - Tempe - St Peters,2262.9
Darlinghurst,15283
Erskineville - Alexandria,4473.6
Glebe - Forest Lodge,10153.4
Newtown - Camperdown - Darlington,8667.6
Potts Point - Woolloomooloo,16713
Pyrmont - Ultimo,16536.6
Redfern - Chippendale,12649.9
Surry Hills,14023.1
Sydney - Haymarket - The Rocks,7741.6
Waterloo - Beaconsfield,12221.5
Bondi - Tamarama - Bronte,8007.9
Bondi Beach - North Bondi,9692.7
Bondi Junction - Waverly,7417.8
Centennial Park,1.5
Double Bay - Bellevue Hill,5771.3
Dover Heights,6265.2
Paddington - Moore Park,4557.3
Rose Bay - Vaucluse - Watsons Bay,2457.5
Woollahra,6556.8
Coogee - Clovelly,7453.6
Malabar - La Perouse - Chifley,2281.1
Kensington (NSW),6621.4
Kingsford,8555.7
Maroubra - North,5960.1
Maroubra - South,5533.7
Maroubra - West,5556.6
Randwick - North,9294.3
Randwick - South,4369
Bass Hill - Georges Hall,2670.9
Chullora,445.4
Condell Park,1282.1
Greenacre - Mount Lewis,4071.2
Padstow,2723.3
Panania - Milperra - Picnic Point,1965.4
Revesby,3501.4
Yagoona - Birrong,4138.6
Bankstown - North,6471.6
Bankstown - South,3867.6
Belmore - Belfield,4499.2
Canterbury (South) - Campsie,7160.8
Kingsgrove (North) - Earlwood,3151.7
Punchbowl,4297.3
Roselands,4132.6
Lakemba,8284.6
Wiley Park,7918.6
Hurstville,7408
Mortdale - Penshurst,4153.4
Narwee - Beverly Hills,4365.8
Oatley - Hurstville Grove,3037
Peakhurst - Lugarno,2630.7
Riverwood,4603.2
South Hurstville - Blakehurst,4205.4
Arncliffe - Bardwell Valley,5711.9
Bexley,5380.7
Kingsgrove (South) - Bardwell Park,3631.3
Kogarah,5858.4
Kogarah Bay - Carlton - Allawah,4924.2
Monterey - Brighton-le-Sands - Kyeemagh,4571.1
Rockdale - Banksia,6295.3
Sans Souci - Ramsgate,3773
Concord - Mortlake - Cabarita,3835.8
Concord West - North Strathfield,5347.6
Drummoyne - Rodd Point,5364.8
Five Dock - Abbotsford,4842.2
Balmain,6737.9
Leichhardt - Annandale,6496.2
Lilyfield - Rozelle,4250.1
Ashfield,7319.3
Burwood - Croydon,6296
Canterbury (North) - Ashbury,3944.8
Croydon Park - Enfield,4584.9
Dulwich Hill - Lewisham,7008.8
Haberfield - Summer Hill,4187.2
Homebush,5263
Strathfield,4369.2
Strathfield South,1559.4
Chatswood (East) - Artarmon,6259.9
Chatswood (West) - Lane Cove North,4203.6
Lane Cove - Greenwich,3289.7
St Leonards - Naremburn,4441.9
Willoughby - Castle Cove - Northbridge,2531.6
Asquith - Mount Colah,592.3
Berowra - Brooklyn - Cowan,147.7
Normanhurst - Thornleigh - Westleigh,1928.2
Hornsby - East,5062.1
Hornsby - West,1804
Waitara - Wahroonga (West),5134.7
Gordon - Killara,2000.8
Lindfield - Roseville,2163.2
Pymble,1729.6
St Ives,1239.9
Turramurra,998.7
Wahroonga (East) - Warrawee,1388
Cremorne - Cammeray,6420.6
Crows Nest - Waverton,6643.3
Mosman,3558.8
Neutral Bay - Kirribilli,8736.5
North Sydney - Lavender Bay,6685.1
Balgowlah - Clontarf - Seaforth,2840.1
Manly - Fairlight,3641.8
Avalon - Palm Beach,1518.1
Bayview - Elanora Heights,176
Newport - Bilgola,2400.3
Warriewood - Mona Vale,2260.9
Beacon Hill - Narraweena,3469.1
Cromer,1075.8
Dee Why - North Curl Curl,6856.8
Forestville - Killarney Heights,1502.5
Frenchs Forest - Belrose,877.8
Freshwater - Brookvale,3265
Manly Vale - Allambie Heights,1964.3
Narrabeen - Collaroy,3710.2
Terrey Hills - Duffys Forest,54.8
Camden - Ellis Lane,509.9
Elderslie - Harrington Park,1185.5
Mount Annan - Currans Hill,1322
Bradbury - Wedderburn,549.4
Campbelltown - Woodbine,1577.7
Claymore - Eagle Vale - Raby,913.2
Holsworthy Military Area,0
Ingleburn - Denham Court,868.3
Leumeah - Minto Heights,728.9
Macquarie Fields - Glenfield,1565
Minto - St Andrews,1791.4
Rosemeadow - Glen Alpine,446.6
Bargo,89.1
Douglas Park - Appin,39.3
Picton - Tahmoor - Buxton,97.7
The Oaks - Oakdale,30.5
Blackheath - Megalong Valley,42
Blaxland - Warrimoo - Lapstone,658.7
Blue Mountains - North,0
Katoomba - Leura,342.1
Lawson - Hazelbrook - Linden,246
Springwood - Winmalee,314.4
Wentworth Falls,297.6
Blue Mountains - South,0
Cambridge Park,2436.3
Castlereagh - Cranebrook,418
Emu Plains - Leonay,1045.3
Glenmore Park - Regentville,2357.1
Jamisontown - South Penrith,1983.9
Kingswood - Werrington,1680
Mulgoa - Luddenham - Orchard Hills,75.2
Penrith,1496.4
Warragamba - Silverdale,90.6
Richmond - Clarendon,197.1
Windsor - Bligh Park,681.7
Yarramundi - Londonderry,95.4
Erskine Park,783.3
St Clair,2847.4
Colyton - Oxley Park,2738.8
St Marys - North St Marys,1355.7
Homebush Bay - Silverwater,2323.6
Rookwood Cemetery,1
Auburn - Central,5220.8
Auburn - North,6175.2
Auburn - South,3822.2
Berala,4571.3
Lidcombe,3633.5
Regents Park,2615
Carlingford,3232.1
Ermington - Rydalmere,2459.9
Oatlands - Dundas Valley,3212.2
Chester Hill - Sefton,2882.2
Fairfield - East,2894.5
Granville - Clyde,4113.2
Greystanes - Pemulwuy,2410.3
Guildford - South Granville,3522.1
Guildford West - Merrylands West,4183.2
Merrylands - Holroyd,4799.7
Smithfield Industrial,2.6
Yennora Industrial,6.7
North Parramatta,3530.3
North Rocks,1576.6
Northmead,3766.1
Parramatta - Rosehill,4087.8
Toongabbie - Constitution Hill,3118.7
Winston Hills,2618.3
Pendle Hill - Girraween,3175.4
Wentworthville - Westmead,4664.1
Epping - North Epping,3630.6
Pennant Hills - Cheltenham,1661.7
Eastwood - Denistone,3532.7
Gladesville - Huntleys Point,3362
Hunters Hill - Woolwich,2643.8
Macquarie Park - Marsfield,2360.6
North Ryde - East Ryde,2315.9
West Ryde - Meadowbank,4595.7
Putney,2784.7
Ryde,4521.5
Ashcroft - Busby - Miller,3354.4
Austral - Greendale,89.9
Cobbitty - Leppington,280.3
Badgerys Creek,3.5
Cecil Hills,1929.1
Green Valley,4076.8
Hinchinbrook,2641.1
Hoxton Park - Carnes Hill - Horningsea Park,3288.8
West Hoxton - Middleton Grange,1899
Bonnyrigg Heights - Bonnyrigg,3261.9
Bossley Park - Abbotsbury,2075
Cabramatta - Lansvale,3392.1
Cabramatta West - Mount Pritchard,3452.4
Canley Vale - Canley Heights,4062.7
Edensor Park,3299
Fairfield,4527
Fairfield - West,4432.7
Greenfield Park - Prairiewood,2425.6
Horsley Park - Kemps Creek,83.2
Smithfield - Wetherill Park,2897.8
St Johns Park - Wakeley,3099.1
Wetherill Park Industrial,4.2
Casula,2415.8
Chipping Norton - Moorebank,1473.3
Holsworthy - Wattle Grove,297.3
Liverpool,5139.4
Lurnea - Cartwright,3647.5
Prestons - Edmondson Park,1595.8
Warwick Farm,1458.6
Gymea - Grays Point,3185.5
Miranda - Yowie Bay,3297.4
Sylvania - Taren Point,2851.9
Caringbah,3290.5
Caringbah South,3195.9
Cronulla - Kurnell - Bundeena,1026.8
Lilli Pilli - Port Hacking - Dolans Bay,2575.2
Woolaware - Burraneer,2589.1
Heathcote - Waterfall,242.6
Illawong - Alfords Point,1452.5
Menai - Lucas Heights - Woronora,649
Oyster Bay - Como - Jannali,2499.6
Royal National Park,0.2
Sutherland - Kirrawee,2936.2
Engadine,1963.2
Loftus - Yarrawarrah,1937
Woronora Heights,1121
Alfredton,285.3
Ballarat,977.4
Ballarat - North,266.5
Ballarat - South,780.7
Buninyong,149.7
Delacombe,270.4
Smythes Creek,39.3
Wendouree - Miners Rest,224.5
Bacchus Marsh Region,6.1
Creswick - Clunes,9.5
Daylesford,10.2
Gordon (Vic.),7.1
Avoca,2
Beaufort,2.5
Golden Plains - North,5.4
Maryborough (Vic.),175.8
Maryborough Region,3.3
Bendigo,920.4
California Gully - Eaglehawk,401.1
East Bendigo - Kennington,800.1
Flora Hill - Spring Gully,744.8
Kangaroo Flat - Golden Square,507
Maiden Gully,130.1
Strathfieldsaye,183.1
White Hills - Ascot,211.4
Bendigo Region - South,10.2
Castlemaine,135.2
Castlemaine Region,5.9
Heathcote,6.3
Kyneton,18.6
Woodend,35.9
Bendigo Region - North,3.2
Loddon,1.1
Bannockburn,39.5
Golden Plains - South,5.1
Winchelsea,6.7
Belmont,1583
Corio - Norlane,341.8
Geelong,1075.2
Geelong West - Hamlyn Heights,664
Grovedale,566.9
Highton,588.1
Lara,35.6
Leopold,498.4
Newcomb - Moolap,348.5
Newtown (Vic.),1884.5
North Geelong - Bell Park,718.4
Clifton Springs,244.2
Lorne - Anglesea,12.5
Ocean Grove - Barwon Heads,187.2
Portarlington,118.9
Point Lonsdale - Queenscliff,77
Torquay,180.3
Alexandra,3.1
Euroa,3.2
Kilmore - Broadford,34.3
Mansfield (Vic.),2.5
Nagambie,3.4
Seymour,81.2
Seymour Region,2.6
Upper Yarra Valley,0.2
Yea,2.6
Benalla,33.3
Benalla Region,1.8
Rutherglen,8.5
Wangaratta,337.6
Wangaratta Region,2.7
Beechworth,13.2
Bright - Mount Beauty,2
Chiltern - Indigo Valley,6.2
Myrtleford,8.7
Towong,0.9
West Wodonga,101.1
Wodonga,97.2
Yackandandah,6.7
Drouin,58.8
Mount Baw Baw Region,2.2
Trafalgar (Vic.),16.2
Warragul,60.8
Alps - East,0
Bairnsdale,100.6
Bruthen - Omeo,1.1
Lake King,0
Lakes Entrance,49.4
Orbost,0.6
Paynesville,16.5
Foster,6.2
French Island,0.7
Korumburra,16.2
Leongatha,14.3
Phillip Island,120.5
Wilsons Promontory,0
Wonthaggi - Inverloch,34.4
Churchill,14.7
Moe - Newborough,160
Morwell,163.8
Traralgon,190
Yallourn North - Glengarry,13.9
Alps - West,0
Longford - Loch Sport,2.8
Maffra,5.7
Rosedale,4.9
Sale,335.6
Yarram,2.8
Brunswick,5932.1
Brunswick East,6675.7
Brunswick West,4995.4
Coburg,4248.7
Pascoe Vale South,3722.4
Alphington - Fairfield,3542.1
Northcote,4595.9
Thornbury,4128.9
Ascot Vale,4358.9
Essendon - Aberfeldie,3716.5
Flemington,7193.2
Moonee Ponds,3780.6
Carlton,14116
Docklands,6466
East Melbourne,2088.1
Flemington Racecourse,53.2
Kensington (Vic.),5674.4
Melbourne,22448.3
North Melbourne,8536.6
Parkville,2158.7
South Yarra - West,4594.4
Southbank,8926.9
West Melbourne,0.5
Albert Park,3836.8
Elwood,6533.5
Port Melbourne,6454.1
Port Melbourne Industrial,99.7
South Melbourne,5485.8
St Kilda,7888.2
St Kilda East,7751.8
Armadale,4828
Prahran - Windsor,7708.1
South Yarra - East,10050.1
Toorak,3313.4
Abbotsford,5943.1
Carlton North - Princes Hill,4024.8
Collingwood,9098.7
Fitzroy,8654.6
Fitzroy North,5627.7
Richmond (Vic.),5835.3
Yarra - North,2007.7
Ashburton (Vic.),2928.5
Balwyn,3046.7
Balwyn North,2462.4
Camberwell,3158.7
Glen Iris - East,3095.2
Hawthorn,4642.5
Hawthorn East,4567.2
Kew,2570.2
Kew East,1753.7
Surrey Hills (West) - Canterbury,3029.7
Bulleen,1789.2
Doncaster,2906.5
Templestowe,1096.3
Templestowe Lower,2464.6
Doncaster East (North),2481.1
Doncaster East (South),3356.7
Blackburn,2746.4
Blackburn South,3200
Box Hill,3420
Box Hill North,3142.7
Burwood,2994.1
Burwood East,2628.4
Surrey Hills (East) - Mont Albert,3192.7
Beaumaris,2501.3
Brighton (Vic.),3050.9
Brighton East,3022.7
Cheltenham - Highett (West),2365.9
Hampton,3443.9
Sandringham - Black Rock,2874
Bentleigh - McKinnon,4062
Carnegie,5484.3
Caulfield - North,3718.1
Caulfield - South,3982.8
Elsternwick,4470.9
Hughesdale,4265
Murrumbeena,4008.3
Ormond - Glen Huntly,5049.9
Bentleigh East (North),3680.9
Bentleigh East (South),3199.5
Aspendale Gardens - Waterways,1783.4
Braeside,6.6
Carrum - Patterson Lakes,2181.2
Chelsea - Bonbeach,2911.5
Chelsea Heights,1781.7
Cheltenham - Highett (East),2921.2
Edithvale - Aspendale,2782.1
Mentone,3201.1
Moorabbin - Heatherton,848.7
Moorabbin Airport,0
Mordialloc - Parkdale,2793.6
Malvern - Glen Iris,3569.7
Malvern East,3182.6
Bundoora - East,2605
Greensborough,2140.5
Heidelberg - Rosanna,2605.9
Heidelberg West,2367.1
Ivanhoe,2569.8
Ivanhoe East - Eaglemont,1917.7
Montmorency - Briar Hill,1432.8
Viewbank - Yallambie,1874.4
Watsonia,2571.9
Kingsbury,1497.3
Reservoir - East,3377.1
Reservoir - West,2587.5
Preston - East,3034.2
Preston - West,3864.5
Eltham,1246.7
Hurstbridge,245
Kinglake,13.1
Panton Hill - St Andrews,18.7
Plenty - Yarrambat,341.2
Research - North Warrandyte,142.7
Wattle Glen - Diamond Creek,548.4
Bundoora - North,1855.8
Bundoora - West,2648.7
Lalor,2093.7
Mill Park - North,2286.4
Mill Park - South,2512.7
Thomastown,1464.7
Wallan,41.3
Whittlesea,30.6
Doreen,1937.8
Epping - East,1798
Epping - South,545.8
Epping - West,1800.7
Mernda,1031.7
South Morang (North),990.4
South Morang (South),1644.7
Wollert,359.1
Airport West,2311.9
Essendon Airport,0
Keilor,516
Keilor East,2649
Niddrie - Essendon West,2804.1
Strathmore,2533.5
Gisborne,68.1
Macedon,49.9
Riddells Creek,53
Romsey,16.8
Coburg North,1853.1
Fawkner,3019.4
Pascoe Vale,3917.9
Glenroy,2858.3
Gowanbrae,2089.3
Hadfield,2051.7
Sunbury,105.9
Sunbury - South,241.8
Broadmeadows,1644.1
Campbellfield - Coolaroo,934.1
Gladstone Park - Westmeadows,1344.9
Greenvale - Bulla,220
Meadow Heights,3401.4
Melbourne Airport,6.4
Roxburgh Park - Somerton,2064.4
Tullamarine,1773.8
Craigieburn - Central,2198.5
Craigieburn - North,1000.3
Craigieburn - South,1813.3
Craigieburn - West,3525.4
Mickleham - Yuroke,211.2
Bayswater,1633.4
Knoxfield - Scoresby,1139.6
Lysterfield,378
Rowville - Central,1949
Rowville - North,2012.1
Rowville - South,1162.9
Wantirna,1775.4
Wantirna South,1430.4
Boronia,2129.5
Ferntree Gully (North),2101.6
Ferntree Gully (South) - Upper Ferntree Gully,1684.6
The Basin,773.4
Donvale - Park Orchards,808.5
Warrandyte - Wonga Park,230.5
Bayswater North,1262.4
Croydon Hills - Warranwood,1982.3
Ringwood,1933.2
Ringwood East,2333.9
Ringwood North,2109.6
Croydon - East,2083.8
Croydon - West,2171.4
Croydon South,1757.4
Forest Hill,2835
Mitcham (Vic.),2667.7
Nunawading,2557.6
Vermont,2474.7
Vermont South,1989.7
Belgrave - Selby,186.7
Chirnside Park,525.6
Healesville - Yarra Glen,39.6
Kilsyth,1201.9
Lilydale - Coldstream,181.9
Monbulk - Silvan,85.7
Montrose,672.8
Mooroolbark,1928.6
Mount Dandenong - Olinda,124.3
Mount Evelyn,603.3
Upwey - Tecoma,1129.9
Wandin - Seville,72.5
Yarra Valley,23
Beaconsfield - Officer,526.5
Bunyip - Garfield,25.6
Emerald - Cockatoo,50.9
Koo Wee Rup,22.2
Pakenham - North,626.8
Pakenham - South,682.2
Berwick - North,1221.5
Berwick - South,1983.4
Doveton,2394
Hallam,1463.8
Narre Warren North,254.4
Endeavour Hills - North,852.5
Endeavour Hills - South,2511.6
Narre Warren - North East,2911.6
Narre Warren - South West,1619.8
Cranbourne,1644.8
Cranbourne East,1294.2
Cranbourne North,2494.2
Cranbourne South,169.9
Cranbourne West,1617.1
Hampton Park - Lynbrook,2067
Lynbrook - Lyndhurst,2439.6
Pearcedale - Tooradin,82.9
Narre Warren South (East),2205.3
Narre Warren South (West),2623.1
Clarinda - Oakleigh South,1944.4
Clayton South,1815.6
Dandenong,553.2
Dandenong North,2502.1
Dingley Village,1480.9
Keysborough,1039.9
Noble Park North,2106.8
Springvale,2150.5
Springvale South,2938.4
Noble Park - East,3625.9
Noble Park - West,4203.4
Ashwood - Chadstone,3101.9
Clayton,3024.1
Glen Waverley - East,2443
Glen Waverley - West,2749.7
Mount Waverley - North,2566.6
Mount Waverley - South,2331.6
Mulgrave,1976.8
Oakleigh - Huntingdale,2400.2
Wheelers Hill,2018.5
Ardeer - Albion,1865.2
Cairnlea,2446.2
Deer Park - Derrimut,1349.5
Delahey,2495.2
Keilor Downs,1784.5
Kings Park (Vic.),3282.7
St Albans - North,3315.3
St Albans - South,2937.6
Sunshine,2232.2
Sunshine North,1561
Sunshine West,1558.1
Sydenham,3200.2
Taylors Lakes,980.1
Altona,800.9
Altona Meadows,1930.9
Altona North,963.5
Newport,2240.9
Seabrook,3332.9
Williamstown,2366.9
Braybrook,2794.4
Footscray,3941.8
Maribyrnong,2630.4
Seddon - Kingsville,6038.8
West Footscray - Tottenham,2185.7
Yarraville,2993
Bacchus Marsh,121
Hillside,389
Melton,158.4
Melton South,301.8
Melton West,881.3
Rockbank - Mount Cottrell,90.5
Taylors Hill,3573.5
Burnside,2172.4
Burnside Heights,3357.9
Caroline Springs,3161.3
Hoppers Crossing - North,1841.9
Hoppers Crossing - South,2926.2
Laverton,539.7
Tarneit,802.9
Truganina,1318.5
Werribee - South,133.4
Wyndham Vale,242.1
Point Cook - East,999.4
Point Cook - North,3013.1
Point Cook - South,2130.5
Werribee - East,2693.7
Werribee - West,145.7
Carrum Downs,1108.2
Frankston,2086.1
Frankston North,1502.8
Frankston South,1321.8
Langwarrin,678.9
Seaford (Vic.),1422.8
Skye - Sandhurst,717.4
Dromana,286.3
Flinders,19.7
Hastings - Somers,217.8
Mornington,1246.5
Mount Eliza,828.8
Mount Martha,665.6
Point Nepean,283.2
Rosebud - McCrae,944.5
Somerville,165.7
Ararat,52.9
Ararat Region,0.8
Horsham,201.5
Horsham Region,0.8
Nhill Region,0.6
St Arnaud,1.1
Stawell,2.9
West Wimmera,0.5
Yarriambiack,0.9
Irymple,83.2
Merbein,47.7
Mildura Region,0.2
Red Cliffs,24.3
Mildura - North,744.1
Mildura - South,298.6
Buloke,0.8
Gannawarra,1.8
Kerang,26
Robinvale,18.2
Swan Hill,87.3
Swan Hill Region,1.1
Echuca,81.7
Kyabram,15
Lockington - Gunbower,2.4
Rochester,10.9
Rushworth,2.5
Cobram,48.9
Moira,1.8
Numurkah,5.3
Yarrawonga,89.5
Mooroopna,203.6
Shepparton - North,298
Shepparton - South,173.3
Shepparton Region - East,3.7
Shepparton Region - West,10.3
Glenelg (Vic.),1.4
Hamilton (Vic.),51.3
Portland,170.5
Southern Grampians,0.9
Camperdown,35.2
Colac,229.9
Colac Region,2.8
Corangamite - North,2.1
Corangamite - South,3.9
Otway,2.4
Moyne - East,2.1
Moyne - West,4.8
Warrnambool - North,360.3
Warrnambool - South,111.4
Alexandra Hills,1238.4
Belmont - Gumdale,238.7
Birkdale,1344.1
Capalaba,994.2
Thorneside,1518.1
Wellington Point,1318.5
Cleveland,1321.7
Ormiston,1263.7
Redland Bay,384.5
Sheldon - Mount Cotton,137
Thornlands,834
Victoria Point,1157.2
Redland Islands,32.2
Brisbane Port - Lytton,0.3
Manly - Lota,1900.5
Manly West,2491.1
Murarrie,566.4
Tingalpa,1049
Wakerley,1919.9
Wynnum,2397.3
Wynnum West - Hemmant,1292
Bald Hills,587.5
Bridgeman Downs,1010.2
Carseldine,2230.9
Everton Park,2408.6
McDowall,1870.4
Aspley,2073.8
Chermside,3108.5
Chermside West,2014.6
Geebung,1120.2
Kedron - Gordon Park,2916.5
Stafford,2147.1
Stafford Heights,2511
Wavell Heights,3011
Boondall,924.3
Brisbane Airport,4.4
Eagle Farm - Pinkenba,205.3
Northgate - Virginia,1156.9
Nudgee - Banyo,785.2
Nundah,3935.4
Bracken Ridge,2220.4
Brighton (Qld),1557.9
Deagon,1447.6
Sandgate - Shorncliffe,1578.9
Taigum - Fitzgibbon,2310.4
Zillmere,2583.3
Camp Hill,2699.9
Cannon Hill,1825.4
Carina,2822.5
Carina Heights,2114.4
Carindale,1654.6
Annerley,4412.3
Coorparoo,3494.3
Fairfield - Dutton Park,2773.6
Greenslopes,3503.7
Holland Park,2803
Holland Park West,2671.1
Woolloongabba,2700.1
Yeronga,1755.5
Eight Mile Plains,2110
Macgregor (Qld),2440.3
Mansfield (Qld),1759
Mount Gravatt,2278
Rochedale - Burbank,201.5
Upper Mount Gravatt,2591.2
Wishart,2440.6
Coopers Plains,1422.7
Moorooka,2805.5
Robertson,2984.6
Salisbury - Nathan,811.2
Tarragindi,2572.5
Algester,2504.4
Calamvale - Stretton,1229.5
Pallara - Willawong,253.6
Parkinson - Drewvale,1318.7
Rocklea - Acacia Ridge,468.7
Kuraby,2032.2
Runcorn,2310.1
Sunnybank,2259.9
Sunnybank Hills,2955.5
Jindalee - Mount Ommaney,1651.2
Middle Park - Jamboree Heights,2780.1
Riverhills,1944.6
Seventeen Mile Rocks - Sinnamon Park,1831
Westlake,2372.5
Bellbowrie - Moggill,624.7
Brookfield - Kenmore Hills,120.1
Chapel Hill,2011.7
Fig Tree Pocket,1034.9
Kenmore,1820.8
Pinjarra Hills - Pullenvale,125.9
Chelmer - Graceville,2531.4
Corinda,1853.7
Indooroopilly,1838.1
Sherwood,2803
St Lucia,4253.8
Taringa,4540.5
Enoggera,971.6
Enoggera Reservoir,0.7
Keperra,1442.8
Mitchelton,2197.8
Mount Coot-tha,0
The Gap,1414.1
Upper Kedron - Ferny Grove,867.3
Brisbane City,5450.7
Fortitude Valley,7555.1
Highgate Hill,5935.5
Kangaroo Point,7742.9
New Farm,6675.1
South Brisbane,5271.7
Spring Hill,6268.5
West End,7069.8
Balmoral,3446.6
Bulimba,3767.2
East Brisbane,3513.3
Hawthorne,3941.1
Morningside - Seven Hills,2238.8
Norman Park,3150.1
Albion,2442.4
Alderley,2735.4
Ascot,2337.8
Clayfield,3955.6
Grange,2601.1
Hamilton (Qld),4590.2
Hendra,1938
Kelvin Grove - Herston,3535.9
Newmarket,3279.7
Newstead - Bowen Hills,5250.2
Wilston,2993.9
Windsor,2918.8
Wooloowin - Lutwyche,3735.7
Ashgrove,2208.4
Auchenflower,4871.1
Bardon,2290.1
Paddington - Milton,3474.4
Red Hill (Qld),3737.3
Toowong,3216.8
Brinsmead,1110.7
Clifton Beach - Kewarra Beach,310.2
Freshwater - Stratford,249
Redlynch,235.2
Trinity Beach - Smithfield,744.6
Yorkeys Knob - Machans Beach,311.4
Bentley Park,1276.8
Cairns City,1979.9
Earlville - Bayview Heights,1048.8
Edmonton,564.8
Gordonvale - Trinity,29.3
Kanimbla - Mooroobool,1390.9
Lamb Range,0
Manoora,2887
Manunda,1304.6
Mount Sheridan,1318.3
Westcourt - Bungalow,663.2
White Rock,531.9
Whitfield - Edge Hill,1251.3
Woree,860.9
Babinda,6.4
Innisfail,178.8
Johnstone,6.4
Tully,3.7
Wooroonooran,0
Yarrabah,18.5
Daintree,3
Port Douglas,29.6
Atherton,48.8
Herberton,0.6
Kuranda,8.1
Malanda - Yungaburra,6.8
Mareeba,25
Balonne,0.1
Chinchilla,1.1
Goondiwindi,8
Inglewood - Waggamba,0.2
Miles - Wandoan,0.4
Roma,88.8
Roma Region,0.1
Tara,0.3
Crows Nest - Rosalie,2.7
Jondaryan,3.5
Millmerran,0.7
Pittsworth,5.6
Wambo,3
Clifton - Greenmount,4
Southern Downs - East,2.6
Southern Downs - West,1.8
Stanthorpe,157.8
Stanthorpe Region,2.3
Warwick,95.8
Central Highlands - East,0.4
Central Highlands - West,0.2
Emerald,369.9
Berserker,668.3
Bouldercombe,1.3
Emu Park,147.2
Frenchville - Mount Archer,298.7
Glenlee - Rockyview,25.4
Gracemere,84.8
Lakes Creek,293
Mount Morgan,6
Norman Gardens,306.4
Park Avenue,1028.2
Parkhurst - Kawana,259.6
Rockhampton - West,171.7
Rockhampton City,60.4
Rockhampton Region - East,4.9
Rockhampton Region - North,0.6
Rockhampton Region - West,0.7
Shoalwater Bay,0
The Range - Allenstown,1466.9
Yeppoon,248.8
Banana,0.3
Biloela,296.5
Agnes Water - Miriam Vale,1.7
Boyne Island - Tannum Sands,82
Callemondah,0.6
Clinton - New Auckland,642.2
Gladstone,608
Gladstone Hinterland,1.8
Kin Kora - Sun Valley,1330.5
South Trees,0
Telina - Toolooa,282.4
West Gladstone,673
Broadbeach Waters,1596.2
Burleigh Heads,1101.3
Burleigh Waters,2231.2
Mermaid Beach - Broadbeach,4490.8
Mermaid Waters,1837.4
Miami,2546.1
Coolangatta,3571.5
Currumbin - Tugun,1599.6
Currumbin Waters,987.2
Elanora,1469.1
Palm Beach,2610
Arundel,1158.7
Biggera Waters,3326.9
Coombabah,922.2
Labrador,3985.6
Paradise Point - Hollywell,1795
Runaway Bay,1746
Guanaba - Springbrook,15
Tamborine - Canungra,30.2
Currumbin Valley - Tallebudgera,68.7
Mudgeeraba - Bonogin,296.2
Reedy Creek - Andrews,1122.1
Carrara,930.7
Highland Park,1878.6
Nerang - Mount Nathan,352.1
Pacific Pines - Gaven,1199.2
Worongary - Tallai,332.7
Coomera,799.9
Helensvale,928.3
Hope Island,249.1
Jacobs Well - Alberton,27.8
Ormeau - Yatala,328.2
Oxenford - Maudsland,668.6
Pimpama,542.4
Upper Coomera - Willow Vale,295.2
Clear Island Waters,974
Merrimac,908.9
Robina,1770.5
Varsity Lakes,2835.8
Ashmore,1817.5
Molendinar,887.3
Parkwood,1460.9
Southport - North,2194.7
Southport - South,2853
Benowa,1495.9
Bundall,1222.2
Main Beach,1196.6
Surfers Paradise,4858.4
Darra - Sumner,698
Durack,1976.8
Forest Lake - Doolandella,2079.2
Inala - Richlands,1847.8
Oxley (Qld),1257.6
Wacol,313.9
Boonah,6
Esk,2.8
Lake Manchester - England Creek,0
Lockyer Valley - East,29.4
Lowood,24.8
Rosewood,20
Brassall,1536.3
Bundamba,565.7
Churchill - Yamanto,780.1
Ipswich - Central,883.5
Ipswich - East,1646.2
Ipswich - North,78.1
Karalee - Barellan Point,332.8
Karana Downs,101.9
Leichhardt - One Mile,439.3
North Ipswich - Tivoli,687.9
Raceview,1743.9
Ripley,74.7
Riverview,385.6
Bellbird Park - Brookwater,1152.2
Camira - Gailes,1027.9
Carole Park,1
Collingwood Park - Redbank,651.3
Goodna,1457.2
New Chum,0
Redbank Plains,1247.3
Springfield,1127.4
Springfield Lakes,1278.1
Beaudesert,9.3
Beenleigh,1126.3
Eagleby,1056.2
Edens Landing - Holmview,1386.9
Mount Warren Park,1414.3
Wolffdene - Bahrs Scrub,281.1
Boronia Heights - Park Ridge,475.4
Browns Plains,1067.5
Chambers Flat - Logan Reserve,200
Crestmead,1875.3
Greenbank Military Camp,0
Hillcrest,938.7
Marsden,2366
Munruben - Park Ridge South,231.6
Regents Park - Heritage Park,1796.8
Greenbank,61.2
Jimboomba,142.5
Logan Village,116.2
Bethania - Waterford,974.9
Cornubia - Carbrook,246.8
Loganholme - Tanah Merah,882.4
Loganlea,1046.2
Shailer Park,1567
Waterford West,1291.1
Daisy Hill,786.1
Kingston (Qld.),1549.3
Logan Central,1222.9
Rochedale South - Priestdale,1270.6
Slacks Creek,1279.5
Springwood,1568.8
Underwood,1669.4
Woodridge,2683.1
Bowen,180.3
Broadsound - Nebo,0.3
Clermont,0.1
Collinsville,0.2
Moranbah,3
Andergrove - Beaconsfield,899.7
East Mackay,767.8
Eimeo - Rural View,599.5
Eungella Hinterland,0
Mackay,864.6
Mackay Harbour,55.5
Mount Pleasant - Glenella,195.7
North Mackay,621.4
Ooralea - Bakers Creek,107.5
Pioneer Valley,7.3
Sarina,8.3
Seaforth - Calen,3.9
Shoal Point - Bucasia,346.3
Slade Point,358.5
South Mackay,961.7
Walkerston - Eton,12.9
West Mackay,1050.6
Airlie - Whitsundays,47.9
Cape Conway,0
Proserpine,4.1
Beachmere - Sandstone Point,151.5
Bribie Island,139.3
Burpengary - East,192.2
Caboolture,406.8
Caboolture - South,1630.9
Elimbah,43.4
Morayfield - East,1155.6
Wamuran,49
Kilcoy,2
Woodford - D`Aguilar,17.4
Burpengary,703.6
Deception Bay,732.8
Morayfield,217.1
Narangba,556.3
Upper Caboolture,61.6
Clontarf,1324.4
Margate - Woody Point,2915.2
Redcliffe,2637.2
Rothwell - Kippa-Ring,1133.8
Scarborough - Newport - Moreton Island,80.5
Albany Creek,1707.2
Cashmere,471.2
Dayboro,23.6
Eatons Hill,904.4
The Hills District,778
Samford Valley,75.3
Dakabin - Kallangur,1680.1
Murrumba Downs - Griffin,1046.1
North Lakes - Mango Hill,1456.7
Bray Park,2395.2
Lawnton,698.7
Petrie,1324.4
Strathpine - Brendale,769.5
Aurukun,0.2
Cape York,0.1
Croydon - Etheridge,0
Kowanyama - Pormpuraaw,0.3
Northern Peninsula,3.1
Tablelands,0.1
Torres,4.4
Torres Strait Islands,10.6
Weipa,271.2
Carpentaria,0
Mount Isa,291.9
Mount Isa Region,0
Northern Highlands,0
Barcaldine - Blackall,0.1
Charleville,0.1
Far Central West,0
Far South West,0
Longreach,0.1
Buderim - North,754.6
Buderim - South,584.2
Mountain Creek,1848.4
Sippy Downs,773.7
Aroona - Currimundi,1906.2
Buddina - Minyama,1683.2
Caloundra - Kings Beach,1756.4
Caloundra - West,390.7
Golden Beach - Pelican Waters,1293
Moffat Beach - Battery Hill,2112.3
Parrearra - Warana,1506.8
Wurtulla - Birtinya,1466.5
Coolum Beach,908.5
Marcoola - Mudjimba,369.3
Maroochydore - Kuluin,1548.1
Mooloolaba - Alexandra Headland,2251.1
Noosa Heads,379.8
Noosaville,360.5
Sunshine Beach,986.6
Tewantin,413.2
Peregian Beach - Marcus Beach,288.8
Peregian Springs,1738.6
Beerwah,62.5
Caloundra Hinterland,20
Glass House Mountains,35.2
Landsborough,97.5
Maroochy Hinterland,12.6
Palmwoods,98.6
Bli Bli,235.7
Diddillibah - Rosemount,136.2
Eumundi - Yandina,55.8
Nambour,399.6
Noosa Hinterland,29.6
Cambooya - Wyreema,35.9
Darling Heights,1201.1
Drayton - Harristown,642.8
Gatton,162.6
Gowrie (Qld),87.6
Highfields,97.9
Lockyer Valley - West,8.3
Middle Ridge,858
Newtown (Qld),1766
North Toowoomba - Harlaxton,570.2
Rangeville,1021.3
Toowoomba - Central,1448.3
Toowoomba - East,503.7
Toowoomba - West,93.3
Wilsonton,737.2
Ayr,128.9
Burdekin,1.6
Charters Towers,186.6
Dalrymple,0.1
Ingham,101.2
Ingham Region,2.3
Palm Island,37.3
Aitkenvale,1481.4
Annandale,541.1
Belgian Gardens - Pallarenda,81.1
Bohle Plains,84.3
Condon - Rasmussen,240.7
Cranbrook,1773.9
Deeragun,401.6
Douglas,109.1
Garbutt - West End,367.8
Gulliver - Currajong - Vincent,1597
Heatley,2020.6
Hermit Park - Rosslea,1334
Hyde Park - Pimlico,1392.5
Kelso,65.8
Kirwan - East,2132.9
Kirwan - West,1660.7
Magnetic Island,46.9
Mount Louisa,316.9
Mundingburra,1286.7
Northern Beaches,6.6
Oonoonba,850.5
South Townsville - Railway Estate,604.5
Townsville - South,2.2
Townsville City - North Ward,1439.4
Wulguru - Roseneath,96.7
Ashfield - Kepnock,671.2
Bargara - Burnett Heads,123.2
Branyan - Kensington,105.1
Bundaberg,1000.2
Bundaberg East - Kalkie,417.8
Bundaberg North - Gooburrum,136.3
Bundaberg Region - North,7.4
Bundaberg Region - South,4.6
Millbank - Avoca,760.5
Svensson Heights - Norville,888.7
Walkervale - Avenell Heights,873.4
Gayndah - Mundubbera,0.8
Gin Gin,2.2
Kingaroy,146.5
Kingaroy Region - North,2.2
Kingaroy Region - South,1.7
Monto - Eidsvold,0.3
Nanango,6
North Burnett,0
Cooloola,5.8
Gympie - North,346.2
Gympie - South,268.2
Gympie Region,8
Kilkivan,1.2
Booral - River Heads,32.8
Craignish - Dundowran Beach,149.3
Pialba - Eli Waters,806.3
Point Vernon,1206.2
Torquay - Scarness - Kawungan,1434.8
Urangan - Wondunna,606.9
Burrum - Fraser,3.8
Granville,65.2
Maryborough (Qld),218.1
Maryborough Region - South,2.4
Tinana,157.6
Adelaide,1796.2
North Adelaide,1443.4
Adelaide Hills,19.2
Aldgate - Stirling,154.1
Hahndorf - Echunga,41.8
Lobethal - Woodside,46
Mount Barker,377.7
Mount Barker Region,17.2
Nairne,216.7
Uraidla - Summertown,48.2
Burnside - Wattle Park,1717.4
Glenside - Beaumont,1069.3
Toorak Gardens,2471.2
Athelstone,1534.8
Paradise - Newton,2253.5
Rostrevor - Magill,2344.4
Norwood (SA),2786.1
Payneham - Felixstow,2467.9
St Peters - Marden,2292.3
Nailsworth - Broadview,2757.2
Prospect,2820.1
Walkerville,2292.9
Goodwood - Millswood,2540.4
Unley - Parkside,2987.7
Gawler - North,65.8
Gawler - South,278.6
Lewiston - Two Wells,72.3
Craigmore - Blakeview,1657.6
Davoren Park,1932.5
Elizabeth,1147.4
Elizabeth East,1647.4
Munno Para West - Angle Vale,351.5
One Tree Hill,19.3
Smithfield - Elizabeth North,1536.1
Virginia - Waterloo Corner,36
Enfield - Blair Athol,1631.3
Northgate - Oakden - Gilles Plains,2446.1
Windsor Gardens,2603.3
Dry Creek - North,0
Ingle Farm,2048
Para Hills,1461.7
Parafield,25.5
Parafield Gardens,2584.8
Paralowie,2106.4
Salisbury,1725.1
Salisbury East,1228.7
Salisbury North,579.8
Mawson Lakes - Globe Derby Park,1502.6
Pooraka - Cavan,1075.9
Golden Grove,394
Greenwith,1526.6
Highbury - Dernancourt,911.8
Hope Valley - Modbury,1662.9
Modbury Heights,1963.3
Redwood Park,1165.3
St Agnes - Ridgehaven,1041.6
Brighton (SA),2495.6
Glenelg (SA),2934.3
Edwardstown,2601
Hallett Cove,1386.8
Marino - Seaview Downs,797
Mitchell Park,2157.6
Morphettville,2582
Sheidow Park - Trott Park,1120.2
Warradale,2766.1
Belair,188.3
Bellevue Heights,885.8
Blackwood,761.2
Colonel Light Gardens,2353.5
Mitcham (SA),1453.5
Panorama,1517.8
Aberfoyle Park,844.3
Aldinga,460.8
Christie Downs,1138.3
Christies Beach,1490.4
Clarendon,22.3
Coromandel Valley,1016.9
Flagstaff Hill,1116
Hackham - Onkaparinga Hills,267.4
Hackham West - Huntfield Heights,1754.5
Happy Valley,1369
Happy Valley Reservoir,0
Lonsdale,3
McLaren Vale,56.2
Morphett Vale - East,1793.8
Morphett Vale - West,1972.4
Reynella,1344
Seaford (SA),1063.6
Willunga,42.6
Woodcroft,871.2
Beverley,2080.2
Flinders Park,2461.4
Henley Beach,2685.4
Hindmarsh - Brompton,2419.7
Royal Park - Hendon - Albert Park,1955.9
Seaton - Grange,2121.9
West Lakes,1772.2
Woodville - Cheltenham,2141.7
Dry Creek - South,0
Largs Bay - Semaphore,2229.9
North Haven,1005.3
Port Adelaide,875.8
The Parks,1059
Torrens Island,0.3
Adelaide Airport,0
Fulham,2114.7
Lockleys,2354.3
Plympton,2435.9
Richmond (SA),1960.6
West Beach,1181.2
Barossa - Angaston,10.2
Light,8.6
Lyndoch,36.9
Mallala,3.9
Nuriootpa,143.4
Tanunda,276.6
Clare,58.1
Gilbert Valley,3
Goyder,0.6
Wakefield - Barunga West,1.8
Jamestown,1.5
Peterborough - Mount Remarkable,0.6
Port Pirie,187.1
Port Pirie Region,2.2
Kadina,14.3
Moonta,19.1
Wallaroo,29.4
Yorke Peninsula - North,2
Yorke Peninsula - South,1.8
Ceduna,6.2
Eyre Peninsula,0.9
Kimba - Cleve - Franklin Harbour,0.3
Le Hunte - Elliston,0.2
Port Lincoln,120.7
West Coast (SA),0.1
Western,0
Whyalla,525.5
Whyalla - North,0
APY Lands,0
Coober Pedy,23.4
Quorn - Lake Gilles,0.1
Outback,0
Port Augusta,52.8
Roxby Downs,13.6
Goolwa - Port Elliot,66
Kangaroo Island,1.1
Strathalbyn,49.5
Strathalbyn Region,5.2
Victor Harbor,120.6
Yankalilla,6.4
Grant,3.6
Kingston - Robe,0.9
Millicent,30.2
Naracoorte,55.5
Naracoorte Region,0.5
Penola,2.2
Tatiara,1
Wattle Range,1.5
Mount Gambier - East,228.2
Mount Gambier - West,116.3
Barmera,7.7
Berri,350.1
Karoonda - Lameroo,0.3
Loxton,37.6
Loxton Region,0.4
Mannum,2
Murray Bridge,199
Murray Bridge Region,2
Renmark,327.9
Renmark Region,5.7
The Coorong,0.6
Waikerie,1.2
Augusta,3
Busselton,144.8
Busselton Region,9.7
Margaret River,76.8
Australind - Leschenault,283.8
Capel,10.8
College Grove - Carey Park,704.4
Collie,5
Dardanup,6.3
Davenport,1
Eaton - Pelican Point,1226.3
Harvey,5.5
East Bunbury - Glen Iris,305.2
Waroona,5.1
Dalyellup,598.8
Gelorup - Stratham,48.5
South Bunbury - Bunbury,1072.5
Withers - Usher,605.5
Bridgetown - Boyup Brook,1.6
Donnybrook - Balingup,3.9
Manjimup,16.9
Pemberton,0.5
Dawesville - Bouvard,87.1
Falcon - Wannanup,1001.8
Greenfields,989.9
Halls Head - Erskine,1400
Mandurah,1052
Mandurah - East,165.7
Mandurah - North,662.2
Mandurah - South,896.3
Pinjarra,12.7
City Beach,704.5
Claremont (WA),2294.7
Cottesloe,2161.8
Floreat,2014.9
Mosman Park - Peppermint Grove,2007.1
Nedlands - Dalkeith - Crawley,2018.3
Swanbourne - Mount Claremont,849.7
Kings Park (WA),8.6
Mount Hawthorn - Leederville,3017.5
Mount Lawley - Inglewood,2465.7
North Perth,3022.9
Perth City,3528.5
Subiaco - Shenton Park,2276.5
Wembley - West Leederville - Glendalough,2887.8
Bassendean - Eden Hill - Ashfield,1543.9
Bayswater - Embleton - Bedford,1763.8
Maylands,2656.8
Morley,2146.5
Noranda,1617.9
Chidlow,28.2
Glen Forrest - Darlington,128.7
Helena Valley - Koongamia,654.7
Malmalling - Reservoir,0
Mundaring,110.6
Swan View - Greenmount - Midvale,811.3
Avon Valley National Park,0.1
Ballajura,792.6
Beechboro,433.2
Bullsbrook,22.6
Ellenbrook,1216.8
Gidgegannup,9.3
Hazelmere - Guildford,287.5
Lockridge - Kiara,864.9
Malaga,2
Melaleuca - Lexia,0
Middle Swan - Herne Hill,180.2
Midland - Guildford,919
Stratton - Jane Brook,305.7
The Vines,195.8
Walyunga National Park,0
Craigie - Beldon,1470.1
Currambine - Kinross,2359.2
Duncraig,2044
Greenwood - Warwick,1616.8
Heathridge - Connolly,1628.8
Hillarys,1813
Iluka - Burns Beach,1679.8
Joondalup - Edgewater,876.1
Kingsley,1672.2
Mullaloo - Kallaroo,1994.9
Ocean Reef,1516.2
Padbury,1435.2
Sorrento - Marmion,2286.1
Woodvale,1323.2
Balcatta - Hamersley,1539.1
Balga - Mirrabooka,2210.6
Dianella,2188.6
Herdsman,0
Innaloo - Doubleview,3255.4
Karrinyup - Gwelup - Carine,1562.4
Nollamara - Westminster,3211.3
Osborne Park Industrial,5.2
Scarborough,3514.9
Stirling - Osborne Park,2212.5
Trigg - North Beach - Watermans Bay,1411.1
Tuart Hill - Joondanna,3437.2
Wembley Downs - Churchlands - Woodlands,1858.2
Yokine - Coolbinia - Menora,2411.4
Alexander Heights - Koondoola,1815.4
Butler - Merriwa - Ridgewood,2579.4
Carramar,651.8
Clarkson,1298.8
Girrawheen,2093.9
Madeley - Darch - Landsdale,1470
Marangaroo,2213.3
Mindarie - Quinns Rocks - Jindalee,1634.1
Neerabup National Park,0.4
Tapping - Ashby - Sinagra,288.8
Wanneroo,665
Alkimos - Eglinton,450.4
Carabooda - Pinjar,1.9
Two Rocks,68.2
Yanchep,601
Armadale - Wungong - Brookdale,881.7
Ashendon - Lesley,0
Camillo - Champion Lakes,693.4
Forrestdale - Harrisdale - Piara Waters,637.9
Kelmscott,706.8
Mount Nasura - Mount Richon - Bedfordale,136.1
Roleystone,97.6
Seville Grove,2506.6
Belmont - Ascot - Redcliffe,1371.5
East Victoria Park - Carlisle,2844.4
Kewdale Commercial,1.4
Perth Airport,1.5
Rivervale - Kewdale - Cloverdale,2724.6
Victoria Park - Lathlain - Burswood,2092.9
Bentley - Wilson - St James,1897.9
Canning Vale - West,1170
Canning Vale Commercial,0
Cannington - Queens Park,2044.6
Parkwood - Ferndale - Lynwood,1623.8
Riverton - Shelley - Rossmoyne,2182.3
Welshpool,3.1
Willetton,2158.8
Beckenham - Kenwick - Langford,1056.2
Canning Vale - East,2476
Gosnells,1337.1
Huntingdale - Southern River,1228.9
Maddington - Orange Grove - Martin,281.2
Thornlie,2022.1
Forrestfield - Wattle Grove,731.1
High Wycombe,1427.3
Kalamunda - Maida Vale - Gooseberry Hill,542.1
Lesmurdie - Bickley - Carmel,54.4
Byford,743.6
Mundijong,26.1
Serpentine - Jarrahdale,8.1
Como,2297.8
Manning - Waterford,1965.6
South Perth - Kensington,2237.1
Banjup,697.2
Bibra Industrial,1.1
Bibra Lake,0
Coogee,936.7
Coolbellup,1865.4
Hamilton Hill,1714.7
Henderson,2.7
North Coogee,1375.3
South Lake - Cockburn Central,1327
Spearwood,1719.8
Success - Hammond Park,1977.5
Yangebup,1272.3
Beeliar - Wattleup,343.7
Jandakot,167.7
East Fremantle,2519.8
Fremantle,567.7
Fremantle - South,2085.9
O`Connor (WA),12
Bertram - Wellard (West),1506.7
Calista,499.8
Hope Valley - Postans,1.1
Kwinana Industrial,1.5
Parmelia - Orelia,1455.3
Casuarina - Wandi,209.4
Applecross - Ardross,2140.4
Bateman,1890.5
Bicton - Palmyra,2339.3
Booragoon,2253
Bull Creek,1914.5
Leeming,1656.9
Melville,2231.2
Murdoch - Kardinya,1509.9
Willagee,2463.7
Winthrop,1717.2
Baldivis,299.8
Cooloongup,1741.2
Port Kennedy,647.7
Rockingham,438.4
Rockingham Lakes,0.5
Safety Bay - Shoalwater,1659.6
Singleton - Golden Bay - Secret Harbour,1547.1
Waikiki,2182.8
Warnbro,1938
Albany,465.1
Albany Region,0.9
Bayonet Head - Lower King,208.6
Denmark,3.4
Gnowangerup,0.2
Katanning,1.7
Kojonup,0.5
Little Grove - Elleker,27.3
McKail - Willyung,111.9
Plantagenet,1.2
Stirling Range National Park,0
Chittering,4.9
Cunderdin,0.6
Dowerin,0.3
Gingin - Dandaragan,0.9
Merredin,0.5
Moora,0.3
Mukinbudin,0.1
Northam,7.7
Toodyay,2.6
York - Beverley,1.2
Brookton,0.5
Kulin,0.2
Murray,0.9
Narrogin,8.8
Wagin,0.5
Broome,287.8
Derby - West Kimberley,0.1
Halls Creek,0
Kununurra,0.1
Roebuck,0
East Pilbara,0
Newman,284.9
Port Hedland,47.8
South Hedland,462.7
Ashburton (WA),0.1
Karratha,130.3
Roebourne,0.4
Esperance,25.2
Esperance Region,0.1
Carnarvon,60.9
Exmouth,0
Boulder,532.2
Kalgoorlie,556.8
Kalgoorlie - North,285.2
Kalgoorlie Airport,0.8
Kambalda - Coolgardie - Norseman,0
Leinster - Leonora,0
Trafalgar (WA),0
Geraldton,488.3
Geraldton - East,98.3
Geraldton - North,58.1
Geraldton - South,391.9
Irwin,1.5
Meekatharra,0
Morawa,0.2
Northampton - Mullewa - Greenough,0.2
Bridgewater - Gagebrook,135.3
Brighton - Pontville,70
Old Beach - Otago,157.6
Bellerive - Rosny,1291.2
Cambridge,82.3
Geilston Bay - Risdon,380.3
Howrah - Tranmere,1200.1
Lindisfarne - Rose Bay,943.9
Mornington - Warrane,585.8
Risdon Vale,96.7
Rokeby,452
South Arm,61.5
Austins Ferry - Granton,154.9
Berriedale - Chigwell,166.1
Claremont (Tas.),448.9
Derwent Park - Lutana,862.1
Glenorchy,1113.4
Montrose - Rosetta,879
Moonah,1920.2
New Norfolk,109.8
West Moonah,2281.4
Kingston - Huntingfield,196.2
Kingston Beach - Blackmans Bay,502.1
Margate - Snug,56.9
Mount Wellington,0
Taroona - Bonnet Hill,464.5
Hobart,1356.9
Lenah Valley - Mount Stuart,906.1
Mount Nelson - Dynnyrne,673.8
New Town,1658.6
Sandy Bay,1857.8
South Hobart - Fern Tree,280.7
West Hobart,1744.4
Dodges Ferry - Lewisham,25.9
Sorell - Richmond,25.3
Invermay,803.1
Kings Meadows - Punchbowl,808.5
Launceston,1014
Legana,133.3
Mowbray,438.5
Newnham - Mayfield,425.5
Newstead,1510.5
Norwood (Tas.),998.5
Prospect Vale - Blackstone,373.4
Ravenswood,355.5
Riverside,142.5
South Launceston,1747.7
Summerhill - Prospect,562.3
Trevallyn,486.6
Waverley - St Leonards,66.4
West Launceston,1076.9
Youngtown - Relbia,314.2
Beauty Point - Beaconsfield,15
Deloraine,2.3
Grindelwald - Lanena,17.6
Hadspen - Carrick,20.4
Westbury,6.1
Dilston - Lilydale,3.3
George Town,9.6
Longford,19.7
Northern Midlands,0.8
Perth - Evandale,24.3
St Helens - Scamander,1.9
Flinders and Cape Barren Islands,0.5
Scottsdale - Bridport,2.1
Central Highlands,0.3
Derwent Valley,2.5
Southern Midlands,2.5
Wilderness - East,0
Bruny Island - Kettering,7.3
Cygnet,20.2
Geeveston - Dover,4.8
Huonville - Franklin,13.4
Forestier - Tasman,3.7
Triabunna - Bicheno,1.9
Acton - Upper Burnie,1574.9
Burnie - Ulverstone Region,3.7
Burnie - Wivenhoe,323.8
Parklands - Camdale,342.3
Penguin - Sulphur Creek,83.5
Romaine - Havenview,289
Somerset,149.2
Ulverstone,254.8
West Ulverstone,237.3
Wynyard,107.9
Devonport,1379.2
East Devonport,364
Latrobe,23.2
Miandetta - Don,164.6
Port Sorell,17.8
Quoiba - Spreyton,108.3
Sheffield - Railton,5.5
Turners Beach - Forth,39.9
King Island,1.5
North West,0.9
Smithton,43.1
Waratah,1
West Coast (Tas.),1.1
Wilderness - West,0
Darwin Airport,1.1
Darwin City,2273.6
East Point,5.9
Fannie Bay - The Gardens,954.2
Larrakeyah,2047.6
Ludmilla - The Narrows,477.6
Parap,2640.2
Stuart Park,2668.3
Woolner - Bayview - Winnellie,404.6
Alawa,1713
Anula,1779.5
Berrimah,44.6
Brinkin - Nakara,1241.6
Buffalo Creek,0
Charles Darwin,0
Coconut Grove,2192.8
East Arm,0.5
Jingili,1404.7
Karama,2372.3
Leanyer,1809.6
Lyons (NT),949.7
Malak - Marrara,936.8
Millner,1693.1
Moil,1920.6
Nightcliff,2626.8
Rapid Creek,1794.4
Tiwi,803.5
Wagaman,2623.5
Wanguri,2120.8
Wulagi,1906.7
Howard Springs,64.8
Humpty Doo,57.9
Koolpinyah,0
Virginia,65
Weddell,3.4
Bakewell,2423.2
Driver,1697.3
Durack - Marlow Lagoon,404.6
Gray,2233
Moulden,1761.3
Palmerston - North,942.5
Palmerston - South,260.5
Rosebery - Bellamack,2313.6
Woodroffe,2118.7
Charles,256.6
East Side,216.6
Flynn (NT),281.6
Larapinta,88.2
Mount Johns,210.7
Petermann - Simpson,0
Ross,13.8
Sandover - Plenty,0
Tanami,0
Yuendumu - Anmatjere,0
Barkly,0
Tennant Creek,78.5
Alligator,0.1
Daly,0.1
Thamarrurr,0.9
Tiwi Islands,0.4
West Arnhem,0.2
Anindilyakwa,1
East Arnhem,0.3
Nhulunbuy,430.4
Elsey,0
Gulf,0.1
Katherine,1.4
Victoria River,0
Aranda,1600
Belconnen,1724.8
Bruce,1324.5
Charnwood,1541
Cook,1775
Dunlop,1985.9
Evatt,1701.5
Florey,1689.4
Flynn (ACT),1607.7
Fraser,791.9
Giralang,1361
Gooromon,0.7
Hawker,1524.3
Higgins,1856.9
Holt,1475.6
Kaleen,1237.6
Latham,1348.9
Lawson,652.3
Macgregor (ACT),1717.7
Macquarie,1660.8
McKellar,2010.6
Melba,1406.8
Page,2359.2
Scullin,2117.8
Spence,1730.8
Weetangera,1673.8
Molonglo Corridor,0.5
West Belconnen,10.1
Hume,50.6
Kowen,0.5
Canberra East,26.6
Canberra Airport,17.9
Majura,2.3
Amaroo,2280.1
Bonner,2663.7
Casey,2600.2
Crace,3220.7
Forde,2421.4
Franklin,3257
Gungahlin,1527.5
Hall,101.8
Harrison,3039.6
Mitchell,0.5
Ngunnawal,2695.5
Nicholls,1030.8
Palmerston,2828.4
Gungahlin - East,0
Gungahlin - West,0
Jacka,260.5
Kenny,1.5
Moncrieff,2288.8
Taylor,308
Throsby,897.6
Acton,802.2
Ainslie,1473.2
Braddon,4600.8
Civic,3413.9
Dickson,1761.2
Downer,2457.5
Hackett,1644.3
Lyneham,1029.6
O`Connor (ACT),1211.3
Turner,3060.4
Watson,1703.7
Black Mountain,0
Campbell,1283.8
Duntroon,812.7
Parkes (ACT) - North,3.6
Reid,1837.3
Russell,6.1
Deakin,836.4
Forrest,1110.6
Griffith (ACT),1949.3
Lake Burley Griffin,0
Narrabundah,1538.4
Parkes (ACT) - South,2.8
Red Hill (ACT),639.6
Yarralumla,429.8
Barton,1420.9
Fyshwick,6
Kingston (ACT),4296.2
Banks,2150.6
Bonython,1282.8
Calwell,1427.2
Chisholm,1649.8
Conder,1089.6
Fadden,948.4
Gilmore,1329.3
Gordon (ACT),1702.5
Gowrie (ACT),1612.6
Greenway,544.9
Isabella Plains,1755.5
Kambah,1309.3
Macarthur,1064.2
Monash,1536.4
Mount Taylor,0.3
Oxley (ACT),1505.8
Richardson,1343.7
Theodore,1190.6
Tuggeranong,0.3
Wanniassa,1363.2
Tuggeranong - West,1.6
Chapman,1495.3
Duffy,1130.7
Fisher,1848.7
Holder,1414.1
Rivett,2042.7
Stirling,1623.3
Waramanga,1585.6
Weston,960.2
Scrivener,1.9
Chifley,1577.2
Curtin,1108.8
Farrer,1624.2
Garran,1358.4
Hughes,1678.8
Isaacs,758.1
Lyons (ACT),1388.7
Mawson,1601.7
O`Malley,412
Pearce,1586.4
Phillip,1659.9
Torrens,1661.4
Arboretum,1.3
Coombs,1642
Denman Prospect,203
Molonglo,0
Molonglo - North,0.5
Wright,2977.4
ACT - South West,1.4
Namadgi,0
